{"cameraMode":{"drawMode":0,"name":"Shaded","section":"Shading Mode"},"sceneLighting":true,"audioPlay":false,"sceneViewState":{"m_AlwaysRefresh":false,"showFog":true,"showSkybox":true,"showFlares":true,"showImageEffects":true,"showParticleSystems":true,"showVisualEffectGraphs":true,"m_FxEnabled":true},"in2DMode":false,"pivot":{"x":954.5508422851563,"y":543.8467407226563,"z":-26.13653564453125},"rotation":{"x":-0.04826328530907631,"y":-0.034172527492046359,"z":0.0016420960891991854,"w":-0.998271644115448},"size":678.3043212890625,"orthographic":false}