{"cameraMode":{"drawMode":0,"name":"Shaded","section":"Shading Mode"},"sceneLighting":true,"audioPlay":false,"sceneViewState":{"m_AlwaysRefresh":false,"showFog":true,"showSkybox":true,"showFlares":true,"showImageEffects":true,"showParticleSystems":true,"showVisualEffectGraphs":true,"m_FxEnabled":true},"in2DMode":false,"pivot":{"x":6.2229461669921879,"y":58.341312408447269,"z":-7.25054931640625},"rotation":{"x":-0.028804553672671319,"y":-0.00871460884809494,"z":0.00024107249919325113,"w":-0.9995700120925903},"size":129.6510467529297,"orthographic":false}