{"cameraMode":{"drawMode":0,"name":"Shaded","section":"Shading Mode"},"sceneLighting":true,"audioPlay":false,"sceneViewState":{"m_AlwaysRefresh":false,"showFog":true,"showSkybox":true,"showFlares":true,"showImageEffects":true,"showParticleSystems":true,"showVisualEffectGraphs":true,"m_FxEnabled":true},"in2DMode":false,"pivot":{"x":-43.323265075683597,"y":97.44857788085938,"z":30.109283447265626},"rotation":{"x":-0.012308374047279358,"y":-0.007217783015221357,"z":0.00009087208309210837,"w":-0.9999241232872009},"size":122.43812561035156,"orthographic":false}