{"cameraMode":{"drawMode":0,"name":"Shaded","section":"Shading Mode"},"sceneLighting":true,"audioPlay":false,"sceneViewState":{"m_AlwaysRefresh":false,"showFog":true,"showSkybox":true,"showFlares":true,"showImageEffects":true,"showParticleSystems":true,"showVisualEffectGraphs":true,"m_FxEnabled":true},"in2DMode":false,"pivot":{"x":445.04547119140627,"y":299.25103759765627,"z":-351.190673828125},"rotation":{"x":-0.09914787113666535,"y":0.0017724881181493402,"z":-0.0001861665368778631,"w":-0.9950940012931824},"size":392.3351745605469,"orthographic":false}