{"cameraMode":{"drawMode":0,"name":"Shaded","section":"Shading Mode"},"sceneLighting":true,"audioPlay":false,"sceneViewState":{"m_AlwaysRefresh":false,"showFog":true,"showSkybox":true,"showFlares":true,"showImageEffects":true,"showParticleSystems":true,"showVisualEffectGraphs":true,"m_FxEnabled":true},"in2DMode":false,"pivot":{"x":504.0209655761719,"y":437.99267578125,"z":-14.432014465332032},"rotation":{"x":0.09054046124219895,"y":0.006338637787848711,"z":-0.00036541055305860937,"w":0.9959025979042053},"size":851.4530639648438,"orthographic":false}