{"cameraMode":{"drawMode":0,"name":"Shaded","section":"Shading Mode"},"sceneLighting":true,"audioPlay":false,"sceneViewState":{"m_AlwaysRefresh":false,"showFog":true,"showSkybox":true,"showFlares":true,"showImageEffects":true,"showParticleSystems":true,"showVisualEffectGraphs":true,"m_FxEnabled":true},"in2DMode":false,"pivot":{"x":1008.4017944335938,"y":706.1040649414063,"z":1916.935791015625},"rotation":{"x":-0.009308713488280774,"y":-0.0027180099859833719,"z":0.00003251121597713791,"w":-0.9999790191650391},"size":1549.0697021484375,"orthographic":false}